Link Name,Center of Mass X,Center of Mass Y,Center of Mass Z,Center of Mass Roll,Center of Mass Pitch,Center of Mass Yaw,Mass,Moment Ixx,Moment Ixy,Moment Ixz,Moment Iyy,Moment Iyz,Moment Izz,Visual X,Visual Y,Visual Z,Visual Roll,Visual Pitch,Visual Yaw,Mesh Filename,Color Red,Color Green,Color Blue,Color Alpha,Collision X,Collision Y,Collision Z,Collision Roll,Collision Pitch,Collision Yaw,Collision Mesh Filename,Material Name,SW Components,Coordinate System,Axis Name,Joint Name,Joint Type,Joint Origin X,Joint Origin Y,Joint Origin Z,Joint Origin Roll,Joint Origin Pitch,Joint Origin Yaw,Parent,Joint Axis X,Joint Axis Y,Joint Axis Z,Limit Effort,Limit Velocity,Limit Lower,Limit Upper,Calibration rising,Calibration falling,Dynamics Damping,Dynamics Friction,Safety Soft Upper,Safety Soft Lower,Safety K Position,Safety K Velocity
base_link,-1.2518E-05,0.00025287,-0.0020895,0,0,0,0.033536,5.9104E-06,3.3651E-11,-8.873E-09,1.1303E-05,2.1244E-09,6.7549E-06,0,0,0,0,0,0,package://人形V1.1.0-jixing-URDFv1.1.01.SLDASM/meshes/base_link.STL,0.98824,0.73725,0.51765,1,0,0,0,0,0,0,package://人形V1.1.0-jixing-URDFv1.1.01.SLDASM/meshes/base_link.STL,,躯体连接^人形V1.1.0-基本功能-URDFURDFv1.2-1/V1.1.0人形-腰部-腰URDFv1.2-1,CS_base_link,,,,0,0,0,0,0,0,,0,0,0,,,,,,,,,,,,
waist_yaw_link,3.1706E-05,-7.3869E-07,0.0065459,0,0,0,0.035286,4.6516E-06,7.717E-11,-4.0619E-09,4.4014E-06,2.3865E-09,2.3235E-06,0,0,0,0,0,0,package://人形V1.1.0-jixing-URDFv1.1.01.SLDASM/meshes/waist_yaw_link.STL,0.98824,0.73725,0.51765,1,0,0,0,0,0,0,package://人形V1.1.0-jixing-URDFv1.1.01.SLDASM/meshes/waist_yaw_link.STL,,躯体连接^人形V1.1.0-基本功能-URDFURDFv1.2-1/V1.1.0人形-腰部-连接节URDFv1.2-1;躯体连接^人形V1.1.0-基本功能-URDFURDFv1.2-1/舵机带垫片URDFv1.2-1,CS_moto_1,R_moto_1,waist_yaw_joint,revolute,0,0,0,0,0,0,base_link,0,0,1,2,99,-1.2,1.2,,,,,,,,
torso_link,-0.024893,-2.0775E-05,0.072618,0,0,0,0.50948,0.00063381,-9.064E-08,-8.7994E-06,0.00040147,8.8567E-07,0.00031368,0,0,0,0,0,0,package://人形V1.1.0-jixing-URDFv1.1.01.SLDASM/meshes/torso_link.STL,0.89804,0.91765,0.92941,1,0,0,0,0,0,0,package://人形V1.1.0-jixing-URDFv1.1.01.SLDASM/meshes/torso_link.STL,,躯体连接^人形V1.1.0-基本功能-URDFURDFv1.2-1/舵机带垫片URDFv1.2-2;人形电路板极简装配体URDFv1.2-1;人形-电池包极简装配体URDFv1.2-1;人形V1.1.0-头部装配体URDFv1.2-1;复件 装配体2^人形V1.1.0-基本功能-URDFURDFv1.2-1,CS_moto_2,R_moto_2,waist_roll_joint,revolute,0.01995,-1.3874E-05,0.033929,0,0,0,waist_yaw_link,1,0,0,2,99,-0.5,0.5,,,,,,,,
l_shoulder_pitch_link,0.00010002,-0.011181,-0.00021086,0,0,0,0.037971,5.2307E-06,2.3676E-09,-4.5037E-09,2.7256E-06,-1.0408E-07,4.7363E-06,0,0,0,0,0,0,package://人形V1.1.0-jixing-URDFv1.1.01.SLDASM/meshes/l_shoulder_pitch_link.STL,1,1,1,1,0,0,0,0,0,0,package://人形V1.1.0-jixing-URDFv1.1.01.SLDASM/meshes/l_shoulder_pitch_link.STL,,镜向V1.1.0人形-右臂装配体URDFv1.2-2/镜向V1.1.0舵机带垫片URDFv1.2-3;镜向V1.1.0人形-右臂装配体URDFv1.2-2/镜向V1.1.0人形-右肩膀-肩膀连接身体URDFv1.2-1,CS_moto_3,R_moto_3,l_shoulder_pitch_joint,revolute,-0.019982,0.049803,0.11706,0,0,0,torso_link,0,1,0,2,99,-1.2,1.2,,,,,,,,
l_shoulder_roll_link,-0.017467,0.0007259,-0.0047307,0,0,0,0.046789,4.3163E-06,-8.3789E-08,5.2239E-07,6.6217E-06,-1.6151E-07,5.8876E-06,0,0,0,0,0,0,package://人形V1.1.0-jixing-URDFv1.1.01.SLDASM/meshes/l_shoulder_roll_link.STL,1,1,1,1,0,0,0,0,0,0,package://人形V1.1.0-jixing-URDFv1.1.01.SLDASM/meshes/l_shoulder_roll_link.STL,,镜向V1.1.0人形-右臂装配体URDFv1.2-2/镜向V1.1.0舵机带垫片URDFv1.2-1;镜向V1.1.0人形-右臂装配体URDFv1.2-2/镜向V1.1.0人形-右肩膀-肩膀舵机包覆URDFv1.2-1;镜向V1.1.0人形-右臂装配体URDFv1.2-2/镜向V1.1.0铝件3D打印-舵机压板-带豁口URDFv1.2-1;镜向V1.1.0人形-右臂装配体URDFv1.2-2/镜向V1.1.0铝件3D打印-腿杆1垫片^人形-右臂装配体URDFv1.2-1,CS_moto_4,R_moto_4,l_shoulder_roll_joint,revolute,0.017974,0.018741,-0.0053332,0,0,0,l_shoulder_pitch_link,1,0,0,2,99,0,1.2,,,,,,,,
l_shoulder_yaw_link,0.00139017748974117,5.66678433642914E-05,-0.0213976139772292,0,0,0,0.0424984195020791,6.64277933261157E-06,-1.24054307705383E-08,2.10136634200708E-07,6.90216160844664E-06,-7.1880719020768E-09,3.65594700106592E-06,0,0,0,0,0,0,package://人形V1.1.0-jixing-URDFv1.1.01.SLDASM/meshes/l_shoulder_yaw_link.STL,1,1,1,1,0,0,0,0,0,0,package://人形V1.1.0-jixing-URDFv1.1.01.SLDASM/meshes/l_shoulder_yaw_link.STL,,镜向V1.1.0人形-右臂装配体URDFv1.2-2/镜向V1.1.0舵机带垫片URDFv1.2-2;镜向V1.1.0人形-右臂装配体URDFv1.2-2/镜向V1.1.0右臂连接肩膀URDFv1.2-1;镜向V1.1.0人形-右臂装配体URDFv1.2-2/镜向直角舵机装配体URDFv1.2-1/镜向URDF直角舵机座URDFv1.2-1,CS_moto_5,R_moto_5,l_shoulder_yaw_joint,revolute,-0.020466,0.0030129,-0.023567,0,0,0,l_shoulder_roll_link,0,0,1,2,99,-1.2,1.2,,,,,,,,
l_forearm_link,0.00093881,0.008898,-0.054115,0,0,0,0.030632,1.0344E-05,-9.9298E-08,-1.4216E-06,1.1127E-05,1.2459E-07,2.6298E-06,0,0,0,0,0,0,package://人形V1.1.0-jixing-URDFv1.1.01.SLDASM/meshes/l_forearm_link.STL,1,1,1,1,0,0,0,0,0,0,package://人形V1.1.0-jixing-URDFv1.1.01.SLDASM/meshes/l_forearm_link.STL,,镜向V1.1.0人形-右臂装配体URDFv1.2-2/镜向直角舵机装配体URDFv1.2-1/镜向URDF直角轴URDFv1.2-1;镜向V1.1.0人形-右臂装配体URDFv1.2-2/镜向V1.1.0右臂-小臂URDFv1.2-1;镜向V1.1.0人形-右臂装配体URDFv1.2-2/镜向V1.1.0铝件3D打印-舵机压板-带豁口URDFv1.2-2;镜向V1.1.0人形-右臂装配体URDFv1.2-2/镜向V1.1.0右臂-手URDFv1.2-1,CS_moto_6,R_moto_6,l_elbow_pitch_joint,revolute,0.00450102700555451,-0.00929168133266989,-0.05105,0,0,0,l_shoulder_yaw_link,0,1,0,2,99,-1.2,0,,,,,,,,
r_shoulder_pitch_link,0.000100059632066383,0.0111805151466807,-0.00021087173635187,0,0,0,0.037970968797929,5.23074849249526E-06,-2.35662427601939E-09,-4.51170837213187E-09,2.72556977974154E-06,1.04083346673222E-07,4.736311215097E-06,0,0,0,0,0,0,package://人形V1.1.0-jixing-URDFv1.1.01.SLDASM/meshes/r_shoulder_pitch_link.STL,0.898039215686275,0.917647058823529,0.929411764705882,1,0,0,0,0,0,0,package://人形V1.1.0-jixing-URDFv1.1.01.SLDASM/meshes/r_shoulder_pitch_link.STL,,V1.1.0人形-右臂装配体URDFv1.2-1/V1.1.0舵机带垫片URDFv1.2-7;V1.1.0人形-右臂装配体URDFv1.2-1/V1.1.0人形-右肩膀-肩膀连接身体URDFv1.2-1,CS_moto_7,R_moto_7,r_shoulder_pitch_joint,revolute,-0.0199821010439171,-0.0497752888455943,0.117056041163316,0,0,0,torso_link,0,1,0,2,99,-1.2,1.2,,,,,,,,
r_shoulder_roll_link,-0.0176331091792241,-0.00192775701561147,-0.0130574996285301,0,0,0,13.0304549688345,0.0021086388326766,6.21337058143224E-05,0.000401286391410836,0.0022699810401617,0.000123897885916436,0.00172135332474857,0,0,0,0,0,0,package://人形V1.1.0-jixing-URDFv1.1.01.SLDASM/meshes/r_shoulder_roll_link.STL,0.898039215686275,0.917647058823529,0.929411764705882,1,0,0,0,0,0,0,package://人形V1.1.0-jixing-URDFv1.1.01.SLDASM/meshes/r_shoulder_roll_link.STL,,V1.1.0人形-右臂装配体URDFv1.2-1/V1.1.0舵机带垫片URDFv1.2-2;V1.1.0人形-右臂装配体URDFv1.2-1/V1.1.0铝件3D打印-腿杆1垫片^人形-右臂装配体URDFv1.2-1;V1.1.0人形-右臂装配体URDFv1.2-1/V1.1.0铝件3D打印-舵机压板-带豁口URDFv1.2-1;V1.1.0人形-右臂装配体URDFv1.2-1/V1.1.0人形-右肩膀-肩膀舵机包覆URDFv1.2-1,CS_moto_8,R_moto_8,r_shoulder_roll_joint,revolute,0.017974,-0.018741,-0.0053332,0,0,0,r_shoulder_pitch_link,1,0,0,2,99,-1.2,0,,,,,,,,
r_shoulder_yaw_link,0.00138988840431347,-5.65823670302945E-05,-0.0213978082571375,0,0,0,0.0424982015049493,6.64278574315917E-06,1.2532081251808E-08,2.10198227559762E-07,6.90210610609687E-06,7.33943316265194E-09,3.65584713741635E-06,0,0,0,0,0,0,package://人形V1.1.0-jixing-URDFv1.1.01.SLDASM/meshes/r_shoulder_yaw_link.STL,0.898039215686275,0.917647058823529,0.929411764705882,1,0,0,0,0,0,0,package://人形V1.1.0-jixing-URDFv1.1.01.SLDASM/meshes/r_shoulder_yaw_link.STL,,V1.1.0人形-右臂装配体URDFv1.2-1/V1.1.0舵机带垫片URDFv1.2-4;V1.1.0人形-右臂装配体URDFv1.2-1/V1.1.0右臂连接肩膀URDFv1.2-1;V1.1.0人形-右臂装配体URDFv1.2-1/直角舵机装配体URDFv1.2-1/URDF直角舵机座URDFv1.2-1,CS_moto_9,R_moto_9,r_shoulder_yaw_joint,revolute,-0.0204659061735257,-0.00301291158004807,-0.0235668088196412,0,0,0,r_shoulder_roll_link,0,0,1,2,99,-1.2,1.2,,,,,,,,
r_forearm_link,0.000939880490767008,-0.00889176873767139,-0.0541354912788089,0,0,0,0.0306132776535569,1.03301122452533E-05,9.94458332568857E-08,-1.42159794733316E-06,1.11140571542068E-05,-1.19463103684969E-07,2.62749989887785E-06,0,0,0,0,0,0,package://人形V1.1.0-jixing-URDFv1.1.01.SLDASM/meshes/r_forearm_link.STL,0.749019607843137,0.749019607843137,0.749019607843137,1,0,0,0,0,0,0,package://人形V1.1.0-jixing-URDFv1.1.01.SLDASM/meshes/r_forearm_link.STL,,V1.1.0人形-右臂装配体URDFv1.2-1/直角舵机装配体URDFv1.2-1/URDF直角轴URDFv1.2-1;V1.1.0人形-右臂装配体URDFv1.2-1/V1.1.0右臂-小臂URDFv1.2-1;V1.1.0人形-右臂装配体URDFv1.2-1/V1.1.0右臂-手URDFv1.2-1;V1.1.0人形-右臂装配体URDFv1.2-1/V1.1.0铝件3D打印-舵机压板-带豁口URDFv1.2-2,CS_moto_10,R_moto_10,r_elbow_pitch_joint,revolute,0.00450102700555448,0.00929168133266986,-0.05105,0,0,0,r_shoulder_yaw_link,0,1,0,2,99,-1.2,0,,,,,,,,
l_hip_pitch_link,-4.56497901811604E-05,0.0193263246416236,-0.00376131165245777,0,0,0,0.0438357464428192,8.03384981614213E-06,-2.08495445056299E-10,1.56277452739847E-08,5.99141508710629E-06,-6.80752415933139E-08,5.78921329591325E-06,0,0,0,0,0,0,package://人形V1.1.0-jixing-URDFv1.1.01.SLDASM/meshes/l_hip_pitch_link.STL,1,1,1,1,0,0,0,0,0,0,package://人形V1.1.0-jixing-URDFv1.1.01.SLDASM/meshes/l_hip_pitch_link.STL,,镜向V1.1.0人形-右腿装配体URDFv1.2-2/镜向V1.1.0舵机带垫片URDFv1.2-3;镜向V1.1.0人形-右腿装配体URDFv1.2-2/镜向V1.1.0人形-右腿-腿根部URDFv1.2-1;镜向V1.1.0人形-右腿装配体URDFv1.2-2/镜向V1.1.0人形-右腿-腿根盖URDFv1.2-1,CS_moto_11,R_moto_11,l_hip_pitch_joint,revolute,1.3872E-05,0.014,0,0,0,0,base_link,0,1,0,2,99,-0.75,0.75,,,,,,,,
l_hip_roll_link,-0.0176846212656276,-2.84231173552432E-05,-0.00397011421450272,0,0,0,0.0461628642493584,4.62597073574409E-06,-1.74346837696598E-09,4.71111894362501E-07,6.3627305499548E-06,5.81906548307302E-09,6.20069827857188E-06,0,0,0,0,0,0,package://人形V1.1.0-jixing-URDFv1.1.01.SLDASM/meshes/l_hip_roll_link.STL,1,1,1,1,0,0,0,0,0,0,package://人形V1.1.0-jixing-URDFv1.1.01.SLDASM/meshes/l_hip_roll_link.STL,,镜向V1.1.0人形-右腿装配体URDFv1.2-2/镜向V1.1.0铝件3D打印-腿杆1垫片^人形-右臂装配体URDFv1.2-2;镜向V1.1.0人形-右腿装配体URDFv1.2-2/镜向V1.1.0舵机带垫片URDFv1.2-2;镜向V1.1.0人形-右腿装配体URDFv1.2-2/镜向V1.1.0V1.1.0铝件3D打印-舵机压板-带豁口URDFv1.2-3;镜向V1.1.0人形-右腿装配体URDFv1.2-2/镜向V1.1.0人形-右腿-大腿上URDFv1.2-1,CS_moto_12,R_moto_12,l_hip_roll_joint,revolute,0.0170347379475023,0.0216861261856983,-0.0279057290785069,0,0,0,l_hip_pitch_link,1,0,0,2,99,0,0.75,,,,,,,,
l_thigh_link,-0.000626327501264073,2.99418381688177E-05,-0.0221115345961106,0,0,0,0.0500162226079674,9.27757424974823E-06,8.95352956508566E-09,-6.10706434362572E-08,9.25800205067231E-06,3.67617238761863E-09,6.11340902324916E-06,0,0,0,0,0,0,package://人形V1.1.0-jixing-URDFv1.1.01.SLDASM/meshes/l_thigh_link.STL,1,1,1,1,0,0,0,0,0,0,package://人形V1.1.0-jixing-URDFv1.1.01.SLDASM/meshes/l_thigh_link.STL,,镜向V1.1.0人形-右腿装配体URDFv1.2-2/镜向V1.1.0舵机带垫片URDFv1.2-1;镜向V1.1.0人形-右腿装配体URDFv1.2-2/镜向V1.1.0铝件3D打印-腿杆1垫片^人形-右臂装配体URDFv1.2-1;镜向V1.1.0人形-右腿装配体URDFv1.2-2/镜向V1.1.0右腿-大腿下URDFv1.2-1;镜向V1.1.0人形-右腿装配体URDFv1.2-2/镜向直角舵机装配体1URDFv1.2-1/镜向URDF直角舵机座URDFv1.2-1,CS_moto_13,R_moto_13,l_hip_yaw_joint,revolute,-0.0170475822842781,0,-0.019998972833029,0,0,0,l_hip_roll_link,0,0,1,2,99,-1,1,,,,,,,,
l_calf_link,0.00215459694888947,0.00959407586645203,-0.0383603431624018,0,0,0,0.0287721329481338,1.07635210950092E-05,-3.75024086787238E-09,2.90956003804816E-06,1.19840293508212E-05,-8.44738225477376E-09,4.61423151641298E-06,0,0,0,0,0,0,package://人形V1.1.0-jixing-URDFv1.1.01.SLDASM/meshes/l_calf_link.STL,1,1,1,1,0,0,0,0,0,0,package://人形V1.1.0-jixing-URDFv1.1.01.SLDASM/meshes/l_calf_link.STL,,镜向V1.1.0人形-右腿装配体URDFv1.2-2/镜向直角舵机装配体1URDFv1.2-1/镜向URDF直角轴URDFv1.2-1;镜向V1.1.0人形-右腿装配体URDFv1.2-2/镜向V1.1.0右腿-小腿URDFv1.2-1;镜向V1.1.0人形-右腿装配体URDFv1.2-2/镜向V1.1.0V1.1.0铝件3D打印-舵机压板-带豁口URDFv1.2-2;镜向V1.1.0人形-右腿装配体URDFv1.2-2/镜向直角舵机装配体2URDFv1.2-1/镜向URDF直角轴URDFv1.2-1;镜向V1.1.0人形-右腿装配体URDFv1.2-2/镜向V1.1.0V1.1.0铝件3D打印-舵机压板-带豁口URDFv1.2-1,CS_moto_14,R_moto_14,l_knee_pitch_joint,revolute,-0.00680102719060529,-0.00973612618569838,-0.0488891925260493,0,0,0,l_thigh_link,0,1,0,2,99,0,0.75,,,,,,,,
l_ankle_pitch_link,0.00172316293803398,0.00976530586512401,-0.0244488776928938,0,0,0,0.0350556672377975,2.34956646066085E-06,-7.17297656383577E-10,7.38655608252197E-10,4.23823114695127E-06,-5.28342193653959E-09,4.23351248541104E-06,0,0,0,0,0,0,package://人形V1.1.0-jixing-URDFv1.1.01.SLDASM/meshes/l_ankle_pitch_link.STL,1,1,1,1,0,0,0,0,0,0,package://人形V1.1.0-jixing-URDFv1.1.01.SLDASM/meshes/l_ankle_pitch_link.STL,,镜向V1.1.0人形-右腿装配体URDFv1.2-2/镜向直角舵机装配体2URDFv1.2-1/镜向URDF直角舵机座URDFv1.2-1;镜向V1.1.0人形-右腿装配体URDFv1.2-2/镜向V1.1.0人形-右腿-脚URDFv1.2-1;镜向V1.1.0人形-右腿装配体URDFv1.2-2/镜向V1.1.0舵机带垫片URDFv1.2-4,CS_moto_15,R_moto_15,l_ankle_pitch_joint,revolute,0,0,-0.0944000000000192,0,0,0,l_calf_link,0,1,0,2,99,-0.75,0.75,,,,,,,,
l_foot_link,0.00480479619560839,7.44073179128474E-05,-0.00685214498846156,0,0,0,0.0269171648389904,3.12088428640359E-06,-1.30425665354999E-07,-2.96052094074601E-07,4.7954312784723E-06,4.52337390243297E-08,5.33224211685676E-06,0,0,0,0,0,0,package://人形V1.1.0-jixing-URDFv1.1.01.SLDASM/meshes/l_foot_link.STL,1,1,1,1,0,0,0,0,0,0,package://人形V1.1.0-jixing-URDFv1.1.01.SLDASM/meshes/l_foot_link.STL,,镜向V1.1.0人形-右腿装配体URDFv1.2-2/镜向V1.1.0人形-右腿-鞋子URDFv1.2-1;镜向V1.1.0人形-右腿装配体URDFv1.2-2/镜向V1.1.0铝件3D打印-腿杆1垫片^人形-右臂装配体URDFv1.2-3,CS_moto_16,R_moto_16,l_ankle_roll_joint,revolute,0.01945,0.00973612618569835,-0.025587607265967,0,0,0,l_ankle_pitch_link,1,0,0,2,99,-0.75,0.75,,,,,,,,
r_hip_pitch_link,0,0,0,0,0,0,0,0,0,0,0,0,0,0,0,0,0,0,0,package://人形V1.1.0-jixing-URDFv1.1.01.SLDASM/meshes/r_hip_pitch_link.STL,1,1,1,1,0,0,0,0,0,0,package://人形V1.1.0-jixing-URDFv1.1.01.SLDASM/meshes/r_hip_pitch_link.STL,,V1.1.0人形-右腿装配体URDFv1.2-1/V1.1.0舵机带垫片URDFv1.2-4;V1.1.0人形-右腿装配体URDFv1.2-1/V1.1.0人形-右腿-腿根部URDFv1.2-1;V1.1.0人形-右腿装配体URDFv1.2-1/V1.1.0人形-右腿-腿根盖URDFv1.2-1,CS_moto_17,R_moto_17,r_hip_pitch_joint,revolute,1.38715273801004E-05,-0.0140000000000014,0,0,0,0,base_link,0,1,0,2,99,-0.75,0.75,,,,,,,,
r_hip_roll_link,-0.0176843831349483,2.85775012664607E-05,-0.00396959789534018,0,0,0,0.0461657908401223,4.62691562440911E-06,1.76673790186097E-09,4.712222555292E-07,6.36383186439729E-06,-5.850090522075E-09,6.20083427172273E-06,0,0,0,0,0,0,package://人形V1.1.0-jixing-URDFv1.1.01.SLDASM/meshes/r_hip_roll_link.STL,1,1,1,1,0,0,0,0,0,0,package://人形V1.1.0-jixing-URDFv1.1.01.SLDASM/meshes/r_hip_roll_link.STL,,V1.1.0人形-右腿装配体URDFv1.2-1/V1.1.0铝件3D打印-腿杆1垫片^人形-右臂装配体URDFv1.2-3;V1.1.0人形-右腿装配体URDFv1.2-1/V1.1.0舵机带垫片URDFv1.2-3;V1.1.0人形-右腿装配体URDFv1.2-1/V1.1.0人形-右腿-大腿上URDFv1.2-1;V1.1.0人形-右腿装配体URDFv1.2-1/V1.1.0V1.1.0铝件3D打印-舵机压板-带豁口URDFv1.2-3,CS_moto_18,R_moto_18,r_hip_roll_joint,revolute,0.0170347379475028,-0.0216861261856994,-0.0279057290785072,0,0,0,r_hip_pitch_link,1,0,0,2,99,-0.75,0,,,,,,,,
r_thigh_link,-0.000627663800527082,-3.06691161212069E-05,-0.0221800727003675,0,0,0,0.0498744016041501,9.27523452031638E-06,-9.60816980375445E-09,-6.14307594627174E-08,9.2551971064154E-06,-3.66274657257402E-09,6.1084831279344E-06,0,0,0,0,0,0,package://人形V1.1.0-jixing-URDFv1.1.01.SLDASM/meshes/r_thigh_link.STL,0.898039215686275,0.917647058823529,0.929411764705882,1,0,0,0,0,0,0,package://人形V1.1.0-jixing-URDFv1.1.01.SLDASM/meshes/r_thigh_link.STL,,V1.1.0人形-右腿装配体URDFv1.2-1/V1.1.0舵机带垫片URDFv1.2-1;V1.1.0人形-右腿装配体URDFv1.2-1/V1.1.0右腿-大腿下URDFv1.2-1;V1.1.0人形-右腿装配体URDFv1.2-1/直角舵机装配体URDFv1.2-1/URDF直角舵机座URDFv1.2-1,CS_moto_19,R_moto_19,r_hip_yaw_joint,revolute,-0.0170475822842784,0,-0.0199989728330287,0,0,0,r_hip_roll_link,0,0,1,2,99,-1,1,,,,,,,,
r_calf_link,0.00215322764486544,-0.00959240062859335,-0.0383605075467117,0,0,0,0.028776880276565,1.07642718810666E-05,3.19065463073116E-09,2.90954657468445E-06,1.19848655473004E-05,8.18297897975092E-09,4.61557317774644E-06,0,0,0,0,0,0,package://人形V1.1.0-jixing-URDFv1.1.01.SLDASM/meshes/r_calf_link.STL,0.749019607843137,0.749019607843137,0.749019607843137,1,0,0,0,0,0,0,package://人形V1.1.0-jixing-URDFv1.1.01.SLDASM/meshes/r_calf_link.STL,,V1.1.0人形-右腿装配体URDFv1.2-1/直角舵机装配体URDFv1.2-1/URDF直角轴URDFv1.2-1;V1.1.0人形-右腿装配体URDFv1.2-1/V1.1.0右腿-小腿URDFv1.2-1;V1.1.0人形-右腿装配体URDFv1.2-1/直角舵机装配体URDFv1.2-2/URDF直角轴URDFv1.2-1;V1.1.0人形-右腿装配体URDFv1.2-1/V1.1.0V1.1.0铝件3D打印-舵机压板-带豁口URDFv1.2-1;V1.1.0人形-右腿装配体URDFv1.2-1/V1.1.0V1.1.0铝件3D打印-舵机压板-带豁口URDFv1.2-2,CS_moto_20,R_moto_20,r_knee_pitch_joint,revolute,-0.0068010271906054,0.00973612618569838,-0.0488891925260493,0,0,0,r_thigh_link,0,1,0,2,99,0,0.75,,,,,,,,
r_ankle_pitch_link,0.00172316376129283,-0.00976530477145394,-0.0244488727876396,0,0,0,0.035055675725189,2.34956716515257E-06,7.17541393264402E-10,7.38782940022734E-10,4.23823132492218E-06,5.28351240068864E-09,4.23351309910908E-06,0,0,0,0,0,0,package://人形V1.1.0-jixing-URDFv1.1.01.SLDASM/meshes/r_ankle_pitch_link.STL,0.749019607843137,0.749019607843137,0.749019607843137,1,0,0,0,0,0,0,package://人形V1.1.0-jixing-URDFv1.1.01.SLDASM/meshes/r_ankle_pitch_link.STL,,V1.1.0人形-右腿装配体URDFv1.2-1/直角舵机装配体URDFv1.2-2/URDF直角舵机座URDFv1.2-1;V1.1.0人形-右腿装配体URDFv1.2-1/V1.1.0人形-右腿-脚URDFv1.2-1;V1.1.0人形-右腿装配体URDFv1.2-1/V1.1.0舵机带垫片URDFv1.2-6,CS_moto_21,R_moto_21,r_ankle_pitch_joint,revolute,0,0,-0.0944000000000192,0,0,0,r_calf_link,0,1,0,2,99,-0.75,0.75,,,,,,,,
r_foot_link,0.00480490436033306,-7.47974991022957E-05,-0.00685148836458804,0,0,0,0.0269180878617963,3.12139128193533E-06,1.30590736859477E-07,-2.96142510070389E-07,4.79540169310147E-06,-4.52760198276911E-08,5.33231673166063E-06,0,0,0,0,0,0,package://人形V1.1.0-jixing-URDFv1.1.01.SLDASM/meshes/r_foot_link.STL,0.988235294117647,0.737254901960784,0.517647058823529,1,0,0,0,0,0,0,package://人形V1.1.0-jixing-URDFv1.1.01.SLDASM/meshes/r_foot_link.STL,,V1.1.0人形-右腿装配体URDFv1.2-1/V1.1.0人形-右腿-鞋子URDFv1.2-1;V1.1.0人形-右腿装配体URDFv1.2-1/V1.1.0铝件3D打印-腿杆1垫片^人形-右臂装配体URDFv1.2-4,CS_moto_22,R_moto_22,r_ankle_roll_joint,revolute,0.01945,-0.00973612618569836,-0.025587607265967,0,0,0,r_ankle_pitch_link,1,0,0,2,99,-0.75,0.75,,,,,,,,
